<?xml version="1.0"?>
<Settings component="StartMenu" version="4.4.195">
	<MenuStyle value="Win7"/>
	<ShiftClick value="Nothing"/>
	<WinKey value="ClassicMenu"/>
	<ShiftWin value="Nothing"/>
	<ShiftRight value="0"/>
	<ControlPanelCategories value="1"/>
	<ProgramsStyle value="Cascade"/>
	<AllProgramsMetro value="0"/>
	<OpenPrograms value="0"/>
	<ProgramsMenuDelay value="400"/>
	<HideProgramsMetro value="1"/>
	<PinnedPrograms value="PinnedItems"/>
	<RecentPrograms value="None"/>
	<EnableJumplists value="0"/>
	<HybridShutdown value="0"/>
	<StartScreenShortcut value="0"/>
	<AutoStart value="1"/>
	<HighlightNew value="0"/>
	<HighlightNewApps value="0"/>
	<CheckWinUpdates value="0"/>
	<MenuDelay value="0"/>
	<SplitMenuDelay value="0"/>
	<InfotipDelay value="0,0"/>
	<DragHideDelay value="0"/>
	<UserPicturePath value="%SystemDrive%\Program Files\Open-Shell\Skins\Dino.png"/>
	<UserPictureCommand value=""/>
	<UserNameCommand value=""/>
	<EnableAccessibility value="0"/>
	<DelayIcons value="0"/>
	<EnableAccelerators value="1"/>
	<SearchBox value="Normal"/>
	<SearchPrograms value="1"/>
	<SearchMetroApps value="0"/>
	<SearchFiles value="1"/>
	<SearchInternet value="0"/>
	<MainMenuAnimationSpeed value="0"/>
	<SubMenuAnimationSpeed value="0"/>
	<MenuFadeSpeed value="0"/>
	<FontSmoothing value="Default"/>
	<MenuShadow value="0"/>
	<EnableGlass value="1"/>
	<GlassOverride value="1"/>
	<GlassColor value="0"/>
	<GlassOpacity value="100"/>
	<SkinW7 value="Sheni"/>
	<SkinVariationW7 value=""/>
	<SkinOptionsW7>
		<Line>USER_IMAGE=1</Line>
		<Line>SMALL_ICONS=1</Line>
		<Line>LARGE_FONT=0</Line>
		<Line>ICON_FRAMES=0</Line>
		<Line>OPAQUE=0</Line>
	</SkinOptionsW7>
	<EnableStartButton value="1"/>
	<AllTaskbars value="1"/>
	<StartButtonTip value=""/>
	<StartButtonType value="CustomButton"/>
	<StartButtonPath value="%SystemDrive%\Program Files\Open-Shell\Skins\Black-White-Flag.png"/>
	<StartButtonAlign value="0"/>
	<CustomTaskbar value="1"/>
	<TaskbarLook value="Opaque"/>
	<TaskbarColor value="1118481"/>
	<SkipMetro value="1"/>
	<MenuItems7>
		<Line>Item1.Command=computer</Line>
		<Line>Item1.Settings=NOEXPAND</Line>
		<Line>Item2.Command=user_documents</Line>
		<Line>Item2.Settings=NOEXPAND</Line>
		<Line>Item3.Command=downloads</Line>
		<Line>Item3.Settings=NOEXPAND</Line>
		<Line>Item4.Command=separator</Line>
		<Line>Item5.Command=control_panel</Line>
		<Line>Item5.Settings=TRACK_RECENT|NOEXPAND</Line>
		<Line>Item6.Command=pc_settings</Line>
		<Line>Item6.Settings=TRACK_RECENT</Line>
		<Line>Item7.Command=run</Line>
	</MenuItems7>
	<EnableContextMenu value="1"/>
	<ShowNewFolder value="0"/>
	<EnableExit value="1"/>
	<EnableExplorer value="0"/>
	<DisablePinExt value="0"/>
	<SoundMain value="MenuPopup"/>
</Settings>
